task,arm,turn,input_tokens,tokens_before_policy,token_source,summary_input_tokens,status
context-00,A,1,78,78,local_estimate,0,offline_replay
context-00,A,2,49316,49316,local_estimate,0,offline_replay
context-00,A,3,98553,98553,local_estimate,0,offline_replay
context-00,A,4,147788,147788,local_estimate,0,offline_replay
context-00,A,5,197025,197025,local_estimate,0,offline_replay
context-00,A,6,246260,246260,local_estimate,0,offline_replay
context-00,A,7,295500,295500,local_estimate,0,offline_replay
context-00,A,8,344738,344738,local_estimate,0,offline_replay
context-00,A,9,393976,393976,local_estimate,0,offline_replay
context-00,A,10,443220,443220,local_estimate,0,offline_replay
context-00,A,11,492455,492455,local_estimate,0,offline_replay
context-00,A,12,541696,541696,local_estimate,0,offline_replay
context-00,A,13,590926,590926,local_estimate,0,offline_replay
context-00,A,14,640159,640159,local_estimate,0,offline_replay
context-00,A,15,689394,689394,local_estimate,0,offline_replay
context-00,A,16,738631,738631,local_estimate,0,offline_replay
context-00,A,17,787865,787865,local_estimate,0,offline_replay
context-00,A,18,837099,837099,local_estimate,0,offline_replay
context-00,A,19,886331,886331,local_estimate,0,offline_replay
context-00,A,20,935596,935596,local_estimate,0,offline_replay
context-00,B,1,78,78,local_estimate,0,offline_replay
context-00,B,2,2162,2162,local_estimate,0,offline_replay
context-00,B,3,4245,4245,local_estimate,0,offline_replay
context-00,B,4,6326,6326,local_estimate,0,offline_replay
context-00,B,5,8409,8409,local_estimate,0,offline_replay
context-00,B,6,10490,10490,local_estimate,0,offline_replay
context-00,B,7,12576,12576,local_estimate,0,offline_replay
context-00,B,8,14660,14660,local_estimate,0,offline_replay
context-00,B,9,16744,16744,local_estimate,0,offline_replay
context-00,B,10,18834,18834,local_estimate,0,offline_replay
context-00,B,11,20915,20915,local_estimate,0,offline_replay
context-00,B,12,23002,23002,local_estimate,0,offline_replay
context-00,B,13,25078,25078,local_estimate,0,offline_replay
context-00,B,14,27157,27157,local_estimate,0,offline_replay
context-00,B,15,4556,29238,local_estimate,0,offline_replay
context-00,B,16,6639,6639,local_estimate,0,offline_replay
context-00,B,17,8719,8719,local_estimate,0,offline_replay
context-00,B,18,10799,10799,local_estimate,0,offline_replay
context-00,B,19,12877,12877,local_estimate,0,offline_replay
context-00,B,20,14988,14988,local_estimate,0,offline_replay
context-01,A,1,78,78,local_estimate,0,offline_replay
context-01,A,2,49316,49316,local_estimate,0,offline_replay
context-01,A,3,98553,98553,local_estimate,0,offline_replay
context-01,A,4,147788,147788,local_estimate,0,offline_replay
context-01,A,5,197025,197025,local_estimate,0,offline_replay
context-01,A,6,246260,246260,local_estimate,0,offline_replay
context-01,A,7,295500,295500,local_estimate,0,offline_replay
context-01,A,8,344738,344738,local_estimate,0,offline_replay
context-01,A,9,393976,393976,local_estimate,0,offline_replay
context-01,A,10,443220,443220,local_estimate,0,offline_replay
context-01,A,11,492455,492455,local_estimate,0,offline_replay
context-01,A,12,541696,541696,local_estimate,0,offline_replay
context-01,A,13,590926,590926,local_estimate,0,offline_replay
context-01,A,14,640159,640159,local_estimate,0,offline_replay
context-01,A,15,689394,689394,local_estimate,0,offline_replay
context-01,A,16,738631,738631,local_estimate,0,offline_replay
context-01,A,17,787865,787865,local_estimate,0,offline_replay
context-01,A,18,837099,837099,local_estimate,0,offline_replay
context-01,A,19,886331,886331,local_estimate,0,offline_replay
context-01,A,20,935596,935596,local_estimate,0,offline_replay
context-01,B,1,78,78,local_estimate,0,offline_replay
context-01,B,2,2162,2162,local_estimate,0,offline_replay
context-01,B,3,4245,4245,local_estimate,0,offline_replay
context-01,B,4,6326,6326,local_estimate,0,offline_replay
context-01,B,5,8409,8409,local_estimate,0,offline_replay
context-01,B,6,10490,10490,local_estimate,0,offline_replay
context-01,B,7,12576,12576,local_estimate,0,offline_replay
context-01,B,8,14660,14660,local_estimate,0,offline_replay
context-01,B,9,16744,16744,local_estimate,0,offline_replay
context-01,B,10,18834,18834,local_estimate,0,offline_replay
context-01,B,11,20915,20915,local_estimate,0,offline_replay
context-01,B,12,23002,23002,local_estimate,0,offline_replay
context-01,B,13,25078,25078,local_estimate,0,offline_replay
context-01,B,14,27157,27157,local_estimate,0,offline_replay
context-01,B,15,4556,29238,local_estimate,0,offline_replay
context-01,B,16,6639,6639,local_estimate,0,offline_replay
context-01,B,17,8719,8719,local_estimate,0,offline_replay
context-01,B,18,10799,10799,local_estimate,0,offline_replay
context-01,B,19,12877,12877,local_estimate,0,offline_replay
context-01,B,20,14988,14988,local_estimate,0,offline_replay
context-02,A,1,78,78,local_estimate,0,offline_replay
context-02,A,2,49316,49316,local_estimate,0,offline_replay
context-02,A,3,98553,98553,local_estimate,0,offline_replay
context-02,A,4,147788,147788,local_estimate,0,offline_replay
context-02,A,5,197025,197025,local_estimate,0,offline_replay
context-02,A,6,246260,246260,local_estimate,0,offline_replay
context-02,A,7,295500,295500,local_estimate,0,offline_replay
context-02,A,8,344738,344738,local_estimate,0,offline_replay
context-02,A,9,393976,393976,local_estimate,0,offline_replay
context-02,A,10,443220,443220,local_estimate,0,offline_replay
context-02,A,11,492455,492455,local_estimate,0,offline_replay
context-02,A,12,541696,541696,local_estimate,0,offline_replay
context-02,A,13,590926,590926,local_estimate,0,offline_replay
context-02,A,14,640159,640159,local_estimate,0,offline_replay
context-02,A,15,689394,689394,local_estimate,0,offline_replay
context-02,A,16,738631,738631,local_estimate,0,offline_replay
context-02,A,17,787865,787865,local_estimate,0,offline_replay
context-02,A,18,837099,837099,local_estimate,0,offline_replay
context-02,A,19,886331,886331,local_estimate,0,offline_replay
context-02,A,20,935596,935596,local_estimate,0,offline_replay
context-02,B,1,78,78,local_estimate,0,offline_replay
context-02,B,2,2162,2162,local_estimate,0,offline_replay
context-02,B,3,4245,4245,local_estimate,0,offline_replay
context-02,B,4,6326,6326,local_estimate,0,offline_replay
context-02,B,5,8409,8409,local_estimate,0,offline_replay
context-02,B,6,10490,10490,local_estimate,0,offline_replay
context-02,B,7,12576,12576,local_estimate,0,offline_replay
context-02,B,8,14660,14660,local_estimate,0,offline_replay
context-02,B,9,16744,16744,local_estimate,0,offline_replay
context-02,B,10,18834,18834,local_estimate,0,offline_replay
context-02,B,11,20915,20915,local_estimate,0,offline_replay
context-02,B,12,23002,23002,local_estimate,0,offline_replay
context-02,B,13,25078,25078,local_estimate,0,offline_replay
context-02,B,14,27157,27157,local_estimate,0,offline_replay
context-02,B,15,4556,29238,local_estimate,0,offline_replay
context-02,B,16,6639,6639,local_estimate,0,offline_replay
context-02,B,17,8719,8719,local_estimate,0,offline_replay
context-02,B,18,10799,10799,local_estimate,0,offline_replay
context-02,B,19,12877,12877,local_estimate,0,offline_replay
context-02,B,20,14988,14988,local_estimate,0,offline_replay
context-03,A,1,78,78,local_estimate,0,offline_replay
context-03,A,2,49316,49316,local_estimate,0,offline_replay
context-03,A,3,98553,98553,local_estimate,0,offline_replay
context-03,A,4,147788,147788,local_estimate,0,offline_replay
context-03,A,5,197025,197025,local_estimate,0,offline_replay
context-03,A,6,246260,246260,local_estimate,0,offline_replay
context-03,A,7,295500,295500,local_estimate,0,offline_replay
context-03,A,8,344738,344738,local_estimate,0,offline_replay
context-03,A,9,393976,393976,local_estimate,0,offline_replay
context-03,A,10,443220,443220,local_estimate,0,offline_replay
context-03,A,11,492455,492455,local_estimate,0,offline_replay
context-03,A,12,541696,541696,local_estimate,0,offline_replay
context-03,A,13,590926,590926,local_estimate,0,offline_replay
context-03,A,14,640159,640159,local_estimate,0,offline_replay
context-03,A,15,689394,689394,local_estimate,0,offline_replay
context-03,A,16,738631,738631,local_estimate,0,offline_replay
context-03,A,17,787865,787865,local_estimate,0,offline_replay
context-03,A,18,837099,837099,local_estimate,0,offline_replay
context-03,A,19,886331,886331,local_estimate,0,offline_replay
context-03,A,20,935596,935596,local_estimate,0,offline_replay
context-03,B,1,78,78,local_estimate,0,offline_replay
context-03,B,2,2162,2162,local_estimate,0,offline_replay
context-03,B,3,4245,4245,local_estimate,0,offline_replay
context-03,B,4,6326,6326,local_estimate,0,offline_replay
context-03,B,5,8409,8409,local_estimate,0,offline_replay
context-03,B,6,10490,10490,local_estimate,0,offline_replay
context-03,B,7,12576,12576,local_estimate,0,offline_replay
context-03,B,8,14660,14660,local_estimate,0,offline_replay
context-03,B,9,16744,16744,local_estimate,0,offline_replay
context-03,B,10,18834,18834,local_estimate,0,offline_replay
context-03,B,11,20915,20915,local_estimate,0,offline_replay
context-03,B,12,23002,23002,local_estimate,0,offline_replay
context-03,B,13,25078,25078,local_estimate,0,offline_replay
context-03,B,14,27157,27157,local_estimate,0,offline_replay
context-03,B,15,4556,29238,local_estimate,0,offline_replay
context-03,B,16,6639,6639,local_estimate,0,offline_replay
context-03,B,17,8719,8719,local_estimate,0,offline_replay
context-03,B,18,10799,10799,local_estimate,0,offline_replay
context-03,B,19,12877,12877,local_estimate,0,offline_replay
context-03,B,20,14988,14988,local_estimate,0,offline_replay
context-04,A,1,78,78,local_estimate,0,offline_replay
context-04,A,2,49316,49316,local_estimate,0,offline_replay
context-04,A,3,98553,98553,local_estimate,0,offline_replay
context-04,A,4,147788,147788,local_estimate,0,offline_replay
context-04,A,5,197025,197025,local_estimate,0,offline_replay
context-04,A,6,246260,246260,local_estimate,0,offline_replay
context-04,A,7,295500,295500,local_estimate,0,offline_replay
context-04,A,8,344738,344738,local_estimate,0,offline_replay
context-04,A,9,393976,393976,local_estimate,0,offline_replay
context-04,A,10,443220,443220,local_estimate,0,offline_replay
context-04,A,11,492455,492455,local_estimate,0,offline_replay
context-04,A,12,541696,541696,local_estimate,0,offline_replay
context-04,A,13,590926,590926,local_estimate,0,offline_replay
context-04,A,14,640159,640159,local_estimate,0,offline_replay
context-04,A,15,689394,689394,local_estimate,0,offline_replay
context-04,A,16,738631,738631,local_estimate,0,offline_replay
context-04,A,17,787865,787865,local_estimate,0,offline_replay
context-04,A,18,837099,837099,local_estimate,0,offline_replay
context-04,A,19,886331,886331,local_estimate,0,offline_replay
context-04,A,20,935596,935596,local_estimate,0,offline_replay
context-04,B,1,78,78,local_estimate,0,offline_replay
context-04,B,2,2162,2162,local_estimate,0,offline_replay
context-04,B,3,4245,4245,local_estimate,0,offline_replay
context-04,B,4,6326,6326,local_estimate,0,offline_replay
context-04,B,5,8409,8409,local_estimate,0,offline_replay
context-04,B,6,10490,10490,local_estimate,0,offline_replay
context-04,B,7,12576,12576,local_estimate,0,offline_replay
context-04,B,8,14660,14660,local_estimate,0,offline_replay
context-04,B,9,16744,16744,local_estimate,0,offline_replay
context-04,B,10,18834,18834,local_estimate,0,offline_replay
context-04,B,11,20915,20915,local_estimate,0,offline_replay
context-04,B,12,23002,23002,local_estimate,0,offline_replay
context-04,B,13,25078,25078,local_estimate,0,offline_replay
context-04,B,14,27157,27157,local_estimate,0,offline_replay
context-04,B,15,4556,29238,local_estimate,0,offline_replay
context-04,B,16,6639,6639,local_estimate,0,offline_replay
context-04,B,17,8719,8719,local_estimate,0,offline_replay
context-04,B,18,10799,10799,local_estimate,0,offline_replay
context-04,B,19,12877,12877,local_estimate,0,offline_replay
context-04,B,20,14988,14988,local_estimate,0,offline_replay
context-05,A,1,78,78,local_estimate,0,offline_replay
context-05,A,2,49316,49316,local_estimate,0,offline_replay
context-05,A,3,98553,98553,local_estimate,0,offline_replay
context-05,A,4,147788,147788,local_estimate,0,offline_replay
context-05,A,5,197025,197025,local_estimate,0,offline_replay
context-05,A,6,246260,246260,local_estimate,0,offline_replay
context-05,A,7,295500,295500,local_estimate,0,offline_replay
context-05,A,8,344738,344738,local_estimate,0,offline_replay
context-05,A,9,393976,393976,local_estimate,0,offline_replay
context-05,A,10,443220,443220,local_estimate,0,offline_replay
context-05,A,11,492455,492455,local_estimate,0,offline_replay
context-05,A,12,541696,541696,local_estimate,0,offline_replay
context-05,A,13,590926,590926,local_estimate,0,offline_replay
context-05,A,14,640159,640159,local_estimate,0,offline_replay
context-05,A,15,689394,689394,local_estimate,0,offline_replay
context-05,A,16,738631,738631,local_estimate,0,offline_replay
context-05,A,17,787865,787865,local_estimate,0,offline_replay
context-05,A,18,837099,837099,local_estimate,0,offline_replay
context-05,A,19,886331,886331,local_estimate,0,offline_replay
context-05,A,20,935596,935596,local_estimate,0,offline_replay
context-05,B,1,78,78,local_estimate,0,offline_replay
context-05,B,2,2162,2162,local_estimate,0,offline_replay
context-05,B,3,4245,4245,local_estimate,0,offline_replay
context-05,B,4,6326,6326,local_estimate,0,offline_replay
context-05,B,5,8409,8409,local_estimate,0,offline_replay
context-05,B,6,10490,10490,local_estimate,0,offline_replay
context-05,B,7,12576,12576,local_estimate,0,offline_replay
context-05,B,8,14660,14660,local_estimate,0,offline_replay
context-05,B,9,16744,16744,local_estimate,0,offline_replay
context-05,B,10,18834,18834,local_estimate,0,offline_replay
context-05,B,11,20915,20915,local_estimate,0,offline_replay
context-05,B,12,23002,23002,local_estimate,0,offline_replay
context-05,B,13,25078,25078,local_estimate,0,offline_replay
context-05,B,14,27157,27157,local_estimate,0,offline_replay
context-05,B,15,4556,29238,local_estimate,0,offline_replay
context-05,B,16,6639,6639,local_estimate,0,offline_replay
context-05,B,17,8719,8719,local_estimate,0,offline_replay
context-05,B,18,10799,10799,local_estimate,0,offline_replay
context-05,B,19,12877,12877,local_estimate,0,offline_replay
context-05,B,20,14988,14988,local_estimate,0,offline_replay
context-06,A,1,78,78,local_estimate,0,offline_replay
context-06,A,2,49316,49316,local_estimate,0,offline_replay
context-06,A,3,98553,98553,local_estimate,0,offline_replay
context-06,A,4,147788,147788,local_estimate,0,offline_replay
context-06,A,5,197025,197025,local_estimate,0,offline_replay
context-06,A,6,246260,246260,local_estimate,0,offline_replay
context-06,A,7,295500,295500,local_estimate,0,offline_replay
context-06,A,8,344738,344738,local_estimate,0,offline_replay
context-06,A,9,393976,393976,local_estimate,0,offline_replay
context-06,A,10,443220,443220,local_estimate,0,offline_replay
context-06,A,11,492455,492455,local_estimate,0,offline_replay
context-06,A,12,541696,541696,local_estimate,0,offline_replay
context-06,A,13,590926,590926,local_estimate,0,offline_replay
context-06,A,14,640159,640159,local_estimate,0,offline_replay
context-06,A,15,689394,689394,local_estimate,0,offline_replay
context-06,A,16,738631,738631,local_estimate,0,offline_replay
context-06,A,17,787865,787865,local_estimate,0,offline_replay
context-06,A,18,837099,837099,local_estimate,0,offline_replay
context-06,A,19,886331,886331,local_estimate,0,offline_replay
context-06,A,20,935596,935596,local_estimate,0,offline_replay
context-06,B,1,78,78,local_estimate,0,offline_replay
context-06,B,2,2162,2162,local_estimate,0,offline_replay
context-06,B,3,4245,4245,local_estimate,0,offline_replay
context-06,B,4,6326,6326,local_estimate,0,offline_replay
context-06,B,5,8409,8409,local_estimate,0,offline_replay
context-06,B,6,10490,10490,local_estimate,0,offline_replay
context-06,B,7,12576,12576,local_estimate,0,offline_replay
context-06,B,8,14660,14660,local_estimate,0,offline_replay
context-06,B,9,16744,16744,local_estimate,0,offline_replay
context-06,B,10,18834,18834,local_estimate,0,offline_replay
context-06,B,11,20915,20915,local_estimate,0,offline_replay
context-06,B,12,23002,23002,local_estimate,0,offline_replay
context-06,B,13,25078,25078,local_estimate,0,offline_replay
context-06,B,14,27157,27157,local_estimate,0,offline_replay
context-06,B,15,4556,29238,local_estimate,0,offline_replay
context-06,B,16,6639,6639,local_estimate,0,offline_replay
context-06,B,17,8719,8719,local_estimate,0,offline_replay
context-06,B,18,10799,10799,local_estimate,0,offline_replay
context-06,B,19,12877,12877,local_estimate,0,offline_replay
context-06,B,20,14988,14988,local_estimate,0,offline_replay
context-07,A,1,78,78,local_estimate,0,offline_replay
context-07,A,2,49316,49316,local_estimate,0,offline_replay
context-07,A,3,98553,98553,local_estimate,0,offline_replay
context-07,A,4,147788,147788,local_estimate,0,offline_replay
context-07,A,5,197025,197025,local_estimate,0,offline_replay
context-07,A,6,246260,246260,local_estimate,0,offline_replay
context-07,A,7,295500,295500,local_estimate,0,offline_replay
context-07,A,8,344738,344738,local_estimate,0,offline_replay
context-07,A,9,393976,393976,local_estimate,0,offline_replay
context-07,A,10,443220,443220,local_estimate,0,offline_replay
context-07,A,11,492455,492455,local_estimate,0,offline_replay
context-07,A,12,541696,541696,local_estimate,0,offline_replay
context-07,A,13,590926,590926,local_estimate,0,offline_replay
context-07,A,14,640159,640159,local_estimate,0,offline_replay
context-07,A,15,689394,689394,local_estimate,0,offline_replay
context-07,A,16,738631,738631,local_estimate,0,offline_replay
context-07,A,17,787865,787865,local_estimate,0,offline_replay
context-07,A,18,837099,837099,local_estimate,0,offline_replay
context-07,A,19,886331,886331,local_estimate,0,offline_replay
context-07,A,20,935596,935596,local_estimate,0,offline_replay
context-07,B,1,78,78,local_estimate,0,offline_replay
context-07,B,2,2162,2162,local_estimate,0,offline_replay
context-07,B,3,4245,4245,local_estimate,0,offline_replay
context-07,B,4,6326,6326,local_estimate,0,offline_replay
context-07,B,5,8409,8409,local_estimate,0,offline_replay
context-07,B,6,10490,10490,local_estimate,0,offline_replay
context-07,B,7,12576,12576,local_estimate,0,offline_replay
context-07,B,8,14660,14660,local_estimate,0,offline_replay
context-07,B,9,16744,16744,local_estimate,0,offline_replay
context-07,B,10,18834,18834,local_estimate,0,offline_replay
context-07,B,11,20915,20915,local_estimate,0,offline_replay
context-07,B,12,23002,23002,local_estimate,0,offline_replay
context-07,B,13,25078,25078,local_estimate,0,offline_replay
context-07,B,14,27157,27157,local_estimate,0,offline_replay
context-07,B,15,4556,29238,local_estimate,0,offline_replay
context-07,B,16,6639,6639,local_estimate,0,offline_replay
context-07,B,17,8719,8719,local_estimate,0,offline_replay
context-07,B,18,10799,10799,local_estimate,0,offline_replay
context-07,B,19,12877,12877,local_estimate,0,offline_replay
context-07,B,20,14988,14988,local_estimate,0,offline_replay
context-08,A,1,78,78,local_estimate,0,offline_replay
context-08,A,2,49316,49316,local_estimate,0,offline_replay
context-08,A,3,98553,98553,local_estimate,0,offline_replay
context-08,A,4,147788,147788,local_estimate,0,offline_replay
context-08,A,5,197025,197025,local_estimate,0,offline_replay
context-08,A,6,246260,246260,local_estimate,0,offline_replay
context-08,A,7,295500,295500,local_estimate,0,offline_replay
context-08,A,8,344738,344738,local_estimate,0,offline_replay
context-08,A,9,393976,393976,local_estimate,0,offline_replay
context-08,A,10,443220,443220,local_estimate,0,offline_replay
context-08,A,11,492455,492455,local_estimate,0,offline_replay
context-08,A,12,541696,541696,local_estimate,0,offline_replay
context-08,A,13,590926,590926,local_estimate,0,offline_replay
context-08,A,14,640159,640159,local_estimate,0,offline_replay
context-08,A,15,689394,689394,local_estimate,0,offline_replay
context-08,A,16,738631,738631,local_estimate,0,offline_replay
context-08,A,17,787865,787865,local_estimate,0,offline_replay
context-08,A,18,837099,837099,local_estimate,0,offline_replay
context-08,A,19,886331,886331,local_estimate,0,offline_replay
context-08,A,20,935596,935596,local_estimate,0,offline_replay
context-08,B,1,78,78,local_estimate,0,offline_replay
context-08,B,2,2162,2162,local_estimate,0,offline_replay
context-08,B,3,4245,4245,local_estimate,0,offline_replay
context-08,B,4,6326,6326,local_estimate,0,offline_replay
context-08,B,5,8409,8409,local_estimate,0,offline_replay
context-08,B,6,10490,10490,local_estimate,0,offline_replay
context-08,B,7,12576,12576,local_estimate,0,offline_replay
context-08,B,8,14660,14660,local_estimate,0,offline_replay
context-08,B,9,16744,16744,local_estimate,0,offline_replay
context-08,B,10,18834,18834,local_estimate,0,offline_replay
context-08,B,11,20915,20915,local_estimate,0,offline_replay
context-08,B,12,23002,23002,local_estimate,0,offline_replay
context-08,B,13,25078,25078,local_estimate,0,offline_replay
context-08,B,14,27157,27157,local_estimate,0,offline_replay
context-08,B,15,4556,29238,local_estimate,0,offline_replay
context-08,B,16,6639,6639,local_estimate,0,offline_replay
context-08,B,17,8719,8719,local_estimate,0,offline_replay
context-08,B,18,10799,10799,local_estimate,0,offline_replay
context-08,B,19,12877,12877,local_estimate,0,offline_replay
context-08,B,20,14988,14988,local_estimate,0,offline_replay
context-09,A,1,78,78,local_estimate,0,offline_replay
context-09,A,2,49316,49316,local_estimate,0,offline_replay
context-09,A,3,98553,98553,local_estimate,0,offline_replay
context-09,A,4,147788,147788,local_estimate,0,offline_replay
context-09,A,5,197025,197025,local_estimate,0,offline_replay
context-09,A,6,246260,246260,local_estimate,0,offline_replay
context-09,A,7,295500,295500,local_estimate,0,offline_replay
context-09,A,8,344738,344738,local_estimate,0,offline_replay
context-09,A,9,393976,393976,local_estimate,0,offline_replay
context-09,A,10,443220,443220,local_estimate,0,offline_replay
context-09,A,11,492455,492455,local_estimate,0,offline_replay
context-09,A,12,541696,541696,local_estimate,0,offline_replay
context-09,A,13,590926,590926,local_estimate,0,offline_replay
context-09,A,14,640159,640159,local_estimate,0,offline_replay
context-09,A,15,689394,689394,local_estimate,0,offline_replay
context-09,A,16,738631,738631,local_estimate,0,offline_replay
context-09,A,17,787865,787865,local_estimate,0,offline_replay
context-09,A,18,837099,837099,local_estimate,0,offline_replay
context-09,A,19,886331,886331,local_estimate,0,offline_replay
context-09,A,20,935596,935596,local_estimate,0,offline_replay
context-09,B,1,78,78,local_estimate,0,offline_replay
context-09,B,2,2162,2162,local_estimate,0,offline_replay
context-09,B,3,4245,4245,local_estimate,0,offline_replay
context-09,B,4,6326,6326,local_estimate,0,offline_replay
context-09,B,5,8409,8409,local_estimate,0,offline_replay
context-09,B,6,10490,10490,local_estimate,0,offline_replay
context-09,B,7,12576,12576,local_estimate,0,offline_replay
context-09,B,8,14660,14660,local_estimate,0,offline_replay
context-09,B,9,16744,16744,local_estimate,0,offline_replay
context-09,B,10,18834,18834,local_estimate,0,offline_replay
context-09,B,11,20915,20915,local_estimate,0,offline_replay
context-09,B,12,23002,23002,local_estimate,0,offline_replay
context-09,B,13,25078,25078,local_estimate,0,offline_replay
context-09,B,14,27157,27157,local_estimate,0,offline_replay
context-09,B,15,4556,29238,local_estimate,0,offline_replay
context-09,B,16,6639,6639,local_estimate,0,offline_replay
context-09,B,17,8719,8719,local_estimate,0,offline_replay
context-09,B,18,10799,10799,local_estimate,0,offline_replay
context-09,B,19,12877,12877,local_estimate,0,offline_replay
context-09,B,20,14988,14988,local_estimate,0,offline_replay
context-10,A,1,78,78,local_estimate,0,offline_replay
context-10,A,2,49316,49316,local_estimate,0,offline_replay
context-10,A,3,98553,98553,local_estimate,0,offline_replay
context-10,A,4,147788,147788,local_estimate,0,offline_replay
context-10,A,5,197025,197025,local_estimate,0,offline_replay
context-10,A,6,246260,246260,local_estimate,0,offline_replay
context-10,A,7,295500,295500,local_estimate,0,offline_replay
context-10,A,8,344738,344738,local_estimate,0,offline_replay
context-10,A,9,393976,393976,local_estimate,0,offline_replay
context-10,A,10,443220,443220,local_estimate,0,offline_replay
context-10,A,11,492455,492455,local_estimate,0,offline_replay
context-10,A,12,541696,541696,local_estimate,0,offline_replay
context-10,A,13,590926,590926,local_estimate,0,offline_replay
context-10,A,14,640159,640159,local_estimate,0,offline_replay
context-10,A,15,689394,689394,local_estimate,0,offline_replay
context-10,A,16,738631,738631,local_estimate,0,offline_replay
context-10,A,17,787865,787865,local_estimate,0,offline_replay
context-10,A,18,837099,837099,local_estimate,0,offline_replay
context-10,A,19,886331,886331,local_estimate,0,offline_replay
context-10,A,20,935596,935596,local_estimate,0,offline_replay
context-10,B,1,78,78,local_estimate,0,offline_replay
context-10,B,2,2162,2162,local_estimate,0,offline_replay
context-10,B,3,4245,4245,local_estimate,0,offline_replay
context-10,B,4,6326,6326,local_estimate,0,offline_replay
context-10,B,5,8409,8409,local_estimate,0,offline_replay
context-10,B,6,10490,10490,local_estimate,0,offline_replay
context-10,B,7,12576,12576,local_estimate,0,offline_replay
context-10,B,8,14660,14660,local_estimate,0,offline_replay
context-10,B,9,16744,16744,local_estimate,0,offline_replay
context-10,B,10,18834,18834,local_estimate,0,offline_replay
context-10,B,11,20915,20915,local_estimate,0,offline_replay
context-10,B,12,23002,23002,local_estimate,0,offline_replay
context-10,B,13,25078,25078,local_estimate,0,offline_replay
context-10,B,14,27157,27157,local_estimate,0,offline_replay
context-10,B,15,4556,29238,local_estimate,0,offline_replay
context-10,B,16,6639,6639,local_estimate,0,offline_replay
context-10,B,17,8719,8719,local_estimate,0,offline_replay
context-10,B,18,10799,10799,local_estimate,0,offline_replay
context-10,B,19,12877,12877,local_estimate,0,offline_replay
context-10,B,20,14988,14988,local_estimate,0,offline_replay
context-11,A,1,78,78,local_estimate,0,offline_replay
context-11,A,2,49316,49316,local_estimate,0,offline_replay
context-11,A,3,98553,98553,local_estimate,0,offline_replay
context-11,A,4,147788,147788,local_estimate,0,offline_replay
context-11,A,5,197025,197025,local_estimate,0,offline_replay
context-11,A,6,246260,246260,local_estimate,0,offline_replay
context-11,A,7,295500,295500,local_estimate,0,offline_replay
context-11,A,8,344738,344738,local_estimate,0,offline_replay
context-11,A,9,393976,393976,local_estimate,0,offline_replay
context-11,A,10,443220,443220,local_estimate,0,offline_replay
context-11,A,11,492455,492455,local_estimate,0,offline_replay
context-11,A,12,541696,541696,local_estimate,0,offline_replay
context-11,A,13,590926,590926,local_estimate,0,offline_replay
context-11,A,14,640159,640159,local_estimate,0,offline_replay
context-11,A,15,689394,689394,local_estimate,0,offline_replay
context-11,A,16,738631,738631,local_estimate,0,offline_replay
context-11,A,17,787865,787865,local_estimate,0,offline_replay
context-11,A,18,837099,837099,local_estimate,0,offline_replay
context-11,A,19,886331,886331,local_estimate,0,offline_replay
context-11,A,20,935596,935596,local_estimate,0,offline_replay
context-11,B,1,78,78,local_estimate,0,offline_replay
context-11,B,2,2162,2162,local_estimate,0,offline_replay
context-11,B,3,4245,4245,local_estimate,0,offline_replay
context-11,B,4,6326,6326,local_estimate,0,offline_replay
context-11,B,5,8409,8409,local_estimate,0,offline_replay
context-11,B,6,10490,10490,local_estimate,0,offline_replay
context-11,B,7,12576,12576,local_estimate,0,offline_replay
context-11,B,8,14660,14660,local_estimate,0,offline_replay
context-11,B,9,16744,16744,local_estimate,0,offline_replay
context-11,B,10,18834,18834,local_estimate,0,offline_replay
context-11,B,11,20915,20915,local_estimate,0,offline_replay
context-11,B,12,23002,23002,local_estimate,0,offline_replay
context-11,B,13,25078,25078,local_estimate,0,offline_replay
context-11,B,14,27157,27157,local_estimate,0,offline_replay
context-11,B,15,4556,29238,local_estimate,0,offline_replay
context-11,B,16,6639,6639,local_estimate,0,offline_replay
context-11,B,17,8719,8719,local_estimate,0,offline_replay
context-11,B,18,10799,10799,local_estimate,0,offline_replay
context-11,B,19,12877,12877,local_estimate,0,offline_replay
context-11,B,20,14988,14988,local_estimate,0,offline_replay
