task,arm,retained,state_points,repeated_reads,completion,state_source
context-00,A,5,5,19,unmeasured,serialized_context_presence
context-00,B,5,5,19,unmeasured,serialized_context_presence
context-01,A,5,5,19,unmeasured,serialized_context_presence
context-01,B,5,5,19,unmeasured,serialized_context_presence
context-02,A,5,5,19,unmeasured,serialized_context_presence
context-02,B,5,5,19,unmeasured,serialized_context_presence
context-03,A,5,5,19,unmeasured,serialized_context_presence
context-03,B,5,5,19,unmeasured,serialized_context_presence
context-04,A,5,5,19,unmeasured,serialized_context_presence
context-04,B,5,5,19,unmeasured,serialized_context_presence
context-05,A,5,5,19,unmeasured,serialized_context_presence
context-05,B,5,5,19,unmeasured,serialized_context_presence
context-06,A,5,5,19,unmeasured,serialized_context_presence
context-06,B,5,5,19,unmeasured,serialized_context_presence
context-07,A,5,5,19,unmeasured,serialized_context_presence
context-07,B,5,5,19,unmeasured,serialized_context_presence
context-08,A,5,5,19,unmeasured,serialized_context_presence
context-08,B,5,5,19,unmeasured,serialized_context_presence
context-09,A,5,5,19,unmeasured,serialized_context_presence
context-09,B,5,5,19,unmeasured,serialized_context_presence
context-10,A,5,5,19,unmeasured,serialized_context_presence
context-10,B,5,5,19,unmeasured,serialized_context_presence
context-11,A,5,5,19,unmeasured,serialized_context_presence
context-11,B,5,5,19,unmeasured,serialized_context_presence
