task,arm,turn,input_tokens,estimated_input_tokens,token_source,summary_input_tokens,status
context-00,A,1,15059,17055,api_usage,0,max_steps
context-00,A,2,9106,10687,api_usage,0,completed
context-00,A,3,5222,6242,api_usage,0,completed
context-00,A,4,5720,6921,api_usage,0,completed
context-00,A,5,19743,24037,api_usage,0,completed
context-00,A,6,7466,9029,api_usage,0,completed
context-00,A,7,16820,20661,api_usage,0,completed
context-00,A,8,27478,33789,api_usage,0,completed
context-00,A,9,20989,26053,api_usage,0,completed
context-00,A,10,11172,13975,api_usage,0,completed
context-00,A,11,48494,60368,api_usage,0,completed
context-00,A,12,71770,89284,api_usage,0,max_steps
context-00,A,13,31351,38974,api_usage,0,completed
context-00,A,14,51962,64659,api_usage,0,completed
context-00,A,15,37977,47046,api_usage,0,completed
context-00,A,16,20364,25351,api_usage,0,completed
context-00,A,17,20953,26086,api_usage,0,completed
context-00,A,18,21664,26949,api_usage,0,completed
context-00,A,19,45229,56538,api_usage,0,completed
context-00,A,20,23855,29982,api_usage,0,completed
context-00,B,1,15051,16925,api_usage,0,max_steps
context-00,B,2,9082,10591,api_usage,0,completed
context-00,B,3,10592,12579,api_usage,0,completed
context-00,B,4,12091,14646,api_usage,0,completed
context-00,B,5,21378,26209,api_usage,0,completed
context-00,B,6,7937,9675,api_usage,0,completed
context-00,B,7,18052,22230,api_usage,0,completed
context-00,B,8,19523,24036,api_usage,0,completed
context-00,B,9,21920,27199,api_usage,0,completed
context-00,B,10,11786,14753,api_usage,0,completed
context-00,B,11,33845,39500,api_usage,0,completed
context-00,B,12,55738,65375,api_usage,0,max_steps
context-00,B,13,49073,57276,api_usage,0,completed
context-00,B,14,48575,55985,api_usage,0,completed
context-00,B,15,24339,27898,api_usage,0,completed
context-00,B,16,37085,42844,api_usage,0,ContextBudgetExceeded
context-00,B,17,10923,12420,api_usage,0,completed
context-00,B,18,35875,41156,api_usage,0,completed
context-00,B,19,12678,14696,api_usage,0,ContextBudgetExceeded
context-00,B,20,12096,13877,api_usage,0,completed
context-01,A,1,15111,17191,api_usage,0,max_steps
context-01,A,2,14358,16995,api_usage,0,completed
context-01,A,3,11427,13737,api_usage,0,completed
context-01,A,4,12917,15800,api_usage,0,completed
context-01,A,5,22648,27989,api_usage,0,completed
context-01,A,6,8323,10250,api_usage,0,completed
context-01,A,7,18796,23395,api_usage,0,completed
context-01,A,8,20184,25156,api_usage,0,completed
context-01,A,9,22608,28341,api_usage,0,completed
context-01,A,10,12033,15210,api_usage,0,completed
context-01,A,11,52149,65555,api_usage,0,completed
context-01,A,12,75770,95418,api_usage,0,max_steps
context-01,A,13,32880,41396,api_usage,0,completed
context-01,A,14,35649,44990,api_usage,0,completed
context-01,A,15,38422,48611,api_usage,0,completed
context-01,A,16,20717,26371,api_usage,0,completed
context-01,A,17,21306,27108,api_usage,0,completed
context-01,A,18,44534,56597,api_usage,0,completed
context-01,A,19,47078,60073,api_usage,0,completed
context-01,A,20,24966,32011,api_usage,0,completed
context-01,B,1,14997,16941,api_usage,0,max_steps
context-01,B,2,13731,16182,api_usage,0,completed
context-01,B,3,5281,6327,api_usage,0,completed
context-01,B,4,11836,14351,api_usage,0,completed
context-01,B,5,20839,25503,api_usage,0,completed
context-01,B,6,7772,9462,api_usage,0,completed
context-01,B,7,17703,21786,api_usage,0,completed
context-01,B,8,19051,23480,api_usage,0,completed
context-01,B,9,21522,26731,api_usage,0,completed
context-01,B,10,11431,14316,api_usage,0,completed
context-01,B,11,43691,51829,api_usage,0,max_steps
context-01,B,12,48633,57725,api_usage,0,max_steps
context-01,B,13,34592,41216,api_usage,0,completed
context-01,B,14,34920,40959,api_usage,0,completed
context-01,B,15,23523,27627,api_usage,0,completed
context-01,B,16,23578,27986,api_usage,0,completed
context-01,B,17,11983,14220,api_usage,0,completed
context-01,B,18,24053,28097,api_usage,0,completed
context-01,B,19,12228,14372,api_usage,0,ContextBudgetExceeded
context-01,B,20,12071,14112,api_usage,0,completed
context-02,A,1,15198,17206,api_usage,0,max_steps
context-02,A,2,14400,17092,api_usage,0,completed
context-02,A,3,11555,13951,api_usage,0,completed
context-02,A,4,13030,15978,api_usage,0,completed
context-02,A,5,15557,19184,api_usage,0,completed
context-02,A,6,8783,10797,api_usage,0,completed
context-02,A,7,19511,24224,api_usage,0,completed
context-02,A,8,21036,26149,api_usage,0,completed
context-02,A,9,23724,29773,api_usage,0,completed
context-02,A,10,12617,15946,api_usage,0,completed
context-02,A,11,40665,51106,api_usage,0,completed
context-02,A,12,78870,99016,api_usage,0,max_steps
context-02,A,13,52501,65867,api_usage,0,completed
context-02,A,14,58717,73526,api_usage,0,completed
context-02,A,15,43627,54285,api_usage,0,completed
context-02,A,16,23564,29500,api_usage,0,completed
context-02,A,17,24153,30261,api_usage,0,completed
context-02,A,18,75781,94969,api_usage,0,completed
context-02,A,19,54194,68207,api_usage,0,completed
context-02,A,20,28831,36545,api_usage,0,completed
context-02,B,1,14448,16238,api_usage,0,max_steps
context-02,B,2,14297,17154,api_usage,0,completed
context-02,B,3,5353,6521,api_usage,0,completed
context-02,B,4,5815,7145,api_usage,0,completed
context-02,B,5,35081,43457,api_usage,0,completed
context-02,B,6,8199,10159,api_usage,0,completed
context-02,B,7,18402,23044,api_usage,0,completed
context-02,B,8,30125,37695,api_usage,0,completed
context-02,B,9,22940,28798,api_usage,0,completed
context-02,B,10,7492,8786,api_usage,0,completed
context-02,B,11,15626,18292,api_usage,0,completed
context-02,B,12,46521,55532,api_usage,0,max_steps
context-02,B,13,20708,24837,api_usage,0,completed
context-02,B,14,23011,27790,api_usage,0,completed
context-02,B,15,23169,27868,api_usage,0,completed
context-02,B,16,11676,14091,api_usage,0,completed
context-02,B,17,12265,14845,api_usage,0,completed
context-02,B,18,10947,12914,api_usage,0,completed
context-02,B,19,11622,13791,api_usage,0,completed
context-02,B,20,12417,14888,api_usage,0,completed
context-03,A,1,15168,17161,api_usage,0,max_steps
context-03,A,2,14852,17810,api_usage,0,completed
context-03,A,3,11433,13928,api_usage,0,completed
context-03,A,4,12875,15891,api_usage,0,completed
context-03,A,5,87820,100117,api_usage,0,completed
context-03,A,6,66214,73241,api_usage,0,completed
context-03,A,7,134613,149313,api_usage,0,completed
context-03,A,8,135911,150932,api_usage,0,completed
context-03,A,9,138241,154090,api_usage,0,completed
context-03,A,10,69861,78053,api_usage,0,completed
context-03,A,11,354150,396020,api_usage,0,max_steps
context-03,A,12,363892,408467,api_usage,0,max_steps
context-03,A,13,148340,166784,api_usage,0,completed
context-03,A,14,150994,170194,api_usage,0,completed
context-03,A,15,153971,173968,api_usage,0,completed
context-03,A,16,78498,89031,api_usage,0,completed
context-03,A,17,79087,89820,api_usage,0,completed
context-03,A,18,79773,90707,api_usage,0,completed
context-03,A,19,162398,185333,api_usage,0,completed
context-03,A,20,82568,94579,api_usage,0,completed
context-03,B,1,15097,17089,api_usage,0,max_steps
context-03,B,2,9075,10642,api_usage,0,completed
context-03,B,3,10577,12604,api_usage,0,completed
context-03,B,4,11900,14443,api_usage,0,completed
context-03,B,5,39161,47918,api_usage,0,completed
context-03,B,6,9637,11696,api_usage,0,completed
context-03,B,7,33174,40702,api_usage,0,completed
context-03,B,8,27060,32383,api_usage,0,completed
context-03,B,9,17497,20863,api_usage,0,completed
context-03,B,10,9410,11364,api_usage,0,completed
context-03,B,11,19843,23899,api_usage,0,completed
context-03,B,12,57039,68954,api_usage,0,max_steps
context-03,B,13,22318,26350,api_usage,0,completed
context-03,B,14,23340,27548,api_usage,0,completed
context-03,B,15,24117,28202,api_usage,0,completed
context-03,B,16,12323,14580,api_usage,0,completed
context-03,B,17,11828,13840,api_usage,0,completed
context-03,B,18,12577,14755,api_usage,0,completed
context-03,B,19,0,0,no_request_context_guard,0,ContextBudgetExceeded
context-03,B,20,0,0,no_request_context_guard,0,ContextBudgetExceeded
context-04,A,1,14304,16106,api_usage,0,max_steps
context-04,A,2,12998,15490,api_usage,0,completed
context-04,A,3,10337,12550,api_usage,0,completed
context-04,A,4,11747,14470,api_usage,0,completed
context-04,A,5,35877,44645,api_usage,0,completed
context-04,A,6,8521,10615,api_usage,0,completed
context-04,A,7,19191,24167,api_usage,0,completed
context-04,A,8,32019,40298,api_usage,0,completed
context-04,A,9,24491,30946,api_usage,0,completed
context-04,A,10,13065,16591,api_usage,0,completed
context-04,A,11,27509,34779,api_usage,0,completed
context-04,A,12,78665,99418,api_usage,0,max_steps
context-04,A,13,52281,66082,api_usage,0,completed
context-04,A,14,57693,72982,api_usage,0,completed
context-04,A,15,41967,52852,api_usage,0,completed
context-04,A,16,22511,28501,api_usage,0,completed
context-04,A,17,23100,29255,api_usage,0,completed
context-04,A,18,72758,91992,api_usage,0,completed
context-04,A,19,51774,65677,api_usage,0,completed
context-04,A,20,27360,34896,api_usage,0,completed
context-04,B,1,15158,17196,api_usage,0,max_steps
context-04,B,2,14723,17759,api_usage,0,completed
context-04,B,3,11584,14177,api_usage,0,completed
context-04,B,4,13169,16257,api_usage,0,completed
context-04,B,5,39808,49442,api_usage,0,completed
context-04,B,6,9550,11831,api_usage,0,completed
context-04,B,7,21264,26597,api_usage,0,completed
context-04,B,8,29443,36209,api_usage,0,completed
context-04,B,9,15617,18550,api_usage,0,completed
context-04,B,10,8638,10401,api_usage,0,completed
context-04,B,11,28583,34291,api_usage,0,completed
context-04,B,12,57786,69416,api_usage,0,max_steps
context-04,B,13,35443,41749,api_usage,0,completed
context-04,B,14,48765,56697,api_usage,0,completed
context-04,B,15,24535,28429,api_usage,0,completed
context-04,B,16,24783,29072,api_usage,0,completed
context-04,B,17,12789,14876,api_usage,0,completed
context-04,B,18,12834,14902,api_usage,0,ContextBudgetExceeded
context-04,B,19,12873,14886,api_usage,0,ContextBudgetExceeded
context-04,B,20,0,0,no_request_context_guard,0,ContextBudgetExceeded
context-05,A,1,15174,17154,api_usage,0,max_steps
context-05,A,2,9128,10677,api_usage,0,completed
context-05,A,3,5182,6168,api_usage,0,completed
context-05,A,4,5712,6885,api_usage,0,completed
context-05,A,5,13759,16745,api_usage,0,completed
context-05,A,6,7679,9340,api_usage,0,completed
context-05,A,7,27132,33588,api_usage,0,completed
context-05,A,8,20357,25338,api_usage,0,completed
context-05,A,9,22626,28378,api_usage,0,completed
context-05,A,10,12136,15319,api_usage,0,completed
context-05,A,11,52678,66120,api_usage,0,completed
context-05,A,12,77899,97777,api_usage,0,max_steps
context-05,A,13,34718,43529,api_usage,0,completed
context-05,A,14,58116,72664,api_usage,0,completed
context-05,A,15,42756,53156,api_usage,0,completed
context-05,A,16,23077,28784,api_usage,0,completed
context-05,A,17,23666,29477,api_usage,0,completed
context-05,A,18,49058,61114,api_usage,0,completed
context-05,A,19,52002,65014,api_usage,0,completed
context-05,A,20,27616,34678,api_usage,0,completed
context-05,B,1,14255,16150,api_usage,0,max_steps
context-05,B,2,12940,15559,api_usage,0,completed
context-05,B,3,10329,12671,api_usage,0,completed
context-05,B,4,11837,14739,api_usage,0,completed
context-05,B,5,35979,45198,api_usage,0,completed
context-05,B,6,8528,10704,api_usage,0,completed
context-05,B,7,19158,24267,api_usage,0,completed
context-05,B,8,31324,39636,api_usage,0,completed
context-05,B,9,19109,23638,api_usage,0,completed
context-05,B,10,8064,9714,api_usage,0,completed
context-05,B,11,46239,55635,api_usage,0,max_steps
context-05,B,12,56737,68888,api_usage,0,max_steps
context-05,B,13,22971,27331,api_usage,0,completed
context-05,B,14,46135,54867,api_usage,0,completed
context-05,B,15,22025,25853,api_usage,0,completed
context-05,B,16,22957,27457,api_usage,0,completed
context-05,B,17,12292,14719,api_usage,0,completed
context-05,B,18,24512,28836,api_usage,0,completed
context-05,B,19,25270,29692,api_usage,0,ContextBudgetExceeded
context-05,B,20,12360,14496,api_usage,0,completed
context-06,A,1,14451,16226,api_usage,0,max_steps
context-06,A,2,14300,17165,api_usage,0,completed
context-06,A,3,11084,13517,api_usage,0,completed
context-06,A,4,12299,15170,api_usage,0,completed
context-06,A,5,36282,44998,api_usage,0,max_steps
context-06,A,6,8520,10468,api_usage,0,completed
context-06,A,7,19147,23744,api_usage,0,completed
context-06,A,8,30980,38461,api_usage,0,completed
context-06,A,9,23239,29040,api_usage,0,completed
context-06,A,10,12345,15514,api_usage,0,completed
context-06,A,11,66014,82776,api_usage,0,max_steps
context-06,A,12,74749,94192,api_usage,0,max_steps
context-06,A,13,49366,62396,api_usage,0,completed
context-06,A,14,35193,44685,api_usage,0,completed
context-06,A,15,37477,47592,api_usage,0,completed
context-06,A,16,20235,25767,api_usage,0,completed
context-06,A,17,20824,26476,api_usage,0,completed
context-06,A,18,43169,54981,api_usage,0,completed
context-06,A,19,46036,58753,api_usage,0,completed
context-06,A,20,24352,31173,api_usage,0,completed
context-06,B,1,15098,17064,api_usage,0,max_steps
context-06,B,2,13892,16311,api_usage,0,completed
context-06,B,3,5197,6226,api_usage,0,completed
context-06,B,4,11566,14027,api_usage,0,completed
context-06,B,5,20796,25392,api_usage,0,completed
context-06,B,6,8008,9762,api_usage,0,completed
context-06,B,7,37446,46419,api_usage,0,completed
context-06,B,8,21127,26267,api_usage,0,completed
context-06,B,9,23562,29487,api_usage,0,completed
context-06,B,10,6829,8093,api_usage,0,completed
context-06,B,11,30647,36326,api_usage,0,completed
context-06,B,12,50181,60252,api_usage,0,max_steps
context-06,B,13,22734,27413,api_usage,0,completed
context-06,B,14,32770,39040,api_usage,0,completed
context-06,B,15,24104,28547,api_usage,0,completed
context-06,B,16,23619,28242,api_usage,0,completed
context-06,B,17,11910,14319,api_usage,0,completed
context-06,B,18,24163,28624,api_usage,0,completed
context-06,B,19,25217,29737,api_usage,0,completed
context-06,B,20,12612,14892,api_usage,0,completed
context-07,A,1,15179,17120,api_usage,0,max_steps
context-07,A,2,14713,17206,api_usage,0,completed
context-07,A,3,12176,14482,api_usage,0,completed
context-07,A,4,13716,16604,api_usage,0,completed
context-07,A,5,24303,29797,api_usage,0,completed
context-07,A,6,9280,11390,api_usage,0,completed
context-07,A,7,20742,25670,api_usage,0,completed
context-07,A,8,22454,27784,api_usage,0,completed
context-07,A,9,25164,31365,api_usage,0,completed
context-07,A,10,13450,16860,api_usage,0,completed
context-07,A,11,58634,73147,api_usage,0,completed
context-07,A,12,86588,107853,api_usage,0,max_steps
context-07,A,13,38907,48224,api_usage,0,completed
context-07,A,14,63735,79216,api_usage,0,completed
context-07,A,15,46441,57605,api_usage,0,completed
context-07,A,16,24857,31017,api_usage,0,completed
context-07,A,17,25446,31753,api_usage,0,completed
context-07,A,18,79667,99491,api_usage,0,completed
context-07,A,19,56638,71019,api_usage,0,completed
context-07,A,20,29893,37678,api_usage,0,completed
context-07,B,1,15092,17035,api_usage,0,max_steps
context-07,B,2,14187,16635,api_usage,0,completed
context-07,B,3,11024,13172,api_usage,0,completed
context-07,B,4,12269,14913,api_usage,0,completed
context-07,B,5,21278,26175,api_usage,0,completed
context-07,B,6,7818,9555,api_usage,0,completed
context-07,B,7,17685,21850,api_usage,0,completed
context-07,B,8,18926,23403,api_usage,0,completed
context-07,B,9,21118,26327,api_usage,0,completed
context-07,B,10,11241,14125,api_usage,0,completed
context-07,B,11,46844,56694,api_usage,0,max_steps
context-07,B,12,46411,55167,api_usage,0,max_steps
context-07,B,13,45407,54414,api_usage,0,completed
context-07,B,14,34869,41183,api_usage,0,completed
context-07,B,15,34621,40428,api_usage,0,completed
context-07,B,16,24515,29153,api_usage,0,completed
context-07,B,17,11878,14058,api_usage,0,completed
context-07,B,18,37168,43369,api_usage,0,completed
context-07,B,19,25052,28941,api_usage,0,ContextBudgetExceeded
context-07,B,20,11753,13642,api_usage,0,completed
context-08,A,1,14500,16310,api_usage,0,max_steps
context-08,A,2,14384,17267,api_usage,0,completed
context-08,A,3,11071,13500,api_usage,0,completed
context-08,A,4,12396,15347,api_usage,0,completed
context-08,A,5,30052,37487,api_usage,0,completed
context-08,A,6,8871,11046,api_usage,0,completed
context-08,A,7,30264,37953,api_usage,0,completed
context-08,A,8,34195,42732,api_usage,0,completed
context-08,A,9,25811,32434,api_usage,0,completed
context-08,A,10,13698,17284,api_usage,0,completed
context-08,A,11,74635,93866,api_usage,0,completed
context-08,A,12,88127,110741,api_usage,0,max_steps
context-08,A,13,38420,48110,api_usage,0,completed
context-08,A,14,62536,78631,api_usage,0,completed
context-08,A,15,45871,57364,api_usage,0,completed
context-08,A,16,49516,62197,api_usage,0,completed
context-08,A,17,25638,32199,api_usage,0,completed
context-08,A,18,80347,100896,api_usage,0,completed
context-08,A,19,56361,70834,api_usage,0,completed
context-08,A,20,29384,37026,api_usage,0,completed
context-08,B,1,14474,16244,api_usage,0,max_steps
context-08,B,2,14346,17203,api_usage,0,completed
context-08,B,3,5355,6512,api_usage,0,completed
context-08,B,4,12033,14688,api_usage,0,completed
context-08,B,5,29357,36206,api_usage,0,completed
context-08,B,6,8589,10592,api_usage,0,completed
context-08,B,7,19332,24086,api_usage,0,completed
context-08,B,8,20680,25711,api_usage,0,completed
context-08,B,9,22902,28641,api_usage,0,completed
context-08,B,10,7084,8262,api_usage,0,completed
context-08,B,11,15226,17722,api_usage,0,completed
context-08,B,12,47996,56629,api_usage,0,max_steps
context-08,B,13,22291,26455,api_usage,0,completed
context-08,B,14,23826,28228,api_usage,0,completed
context-08,B,15,23745,27884,api_usage,0,completed
context-08,B,16,24895,29491,api_usage,0,completed
context-08,B,17,11988,14127,api_usage,0,completed
context-08,B,18,24198,28206,api_usage,0,completed
context-08,B,19,25412,29615,api_usage,0,completed
context-08,B,20,12579,14675,api_usage,0,completed
context-09,A,1,14243,16052,api_usage,0,max_steps
context-09,A,2,12943,15440,api_usage,0,completed
context-09,A,3,10274,12453,api_usage,0,completed
context-09,A,4,11745,14432,api_usage,0,completed
context-09,A,5,28613,35435,api_usage,0,completed
context-09,A,6,8455,10435,api_usage,0,completed
context-09,A,7,18938,23549,api_usage,0,completed
context-09,A,8,31281,38701,api_usage,0,completed
context-09,A,9,23665,29416,api_usage,0,completed
context-09,A,10,12564,15709,api_usage,0,completed
context-09,A,11,26299,32754,api_usage,0,completed
context-09,A,12,74976,93577,api_usage,0,max_steps
context-09,A,13,50873,63191,api_usage,0,completed
context-09,A,14,56893,70627,api_usage,0,completed
context-09,A,15,41727,51711,api_usage,0,completed
context-09,A,16,45053,56231,api_usage,0,completed
context-09,A,17,23197,28972,api_usage,0,completed
context-09,A,18,72815,90947,api_usage,0,completed
context-09,A,19,51528,64634,api_usage,0,completed
context-09,A,20,27304,34406,api_usage,0,completed
context-09,B,1,15178,17177,api_usage,0,max_steps
context-09,B,2,13919,16427,api_usage,0,completed
context-09,B,3,10899,13077,api_usage,0,completed
context-09,B,4,12162,14805,api_usage,0,completed
context-09,B,5,29409,36081,api_usage,0,completed
context-09,B,6,8634,10575,api_usage,0,completed
context-09,B,7,19361,23961,api_usage,0,completed
context-09,B,8,32086,39543,api_usage,0,completed
context-09,B,9,19444,23538,api_usage,0,completed
context-09,B,10,7921,9365,api_usage,0,completed
context-09,B,11,47000,55556,api_usage,0,completed
context-09,B,12,59140,70217,api_usage,0,max_steps
context-09,B,13,36996,43750,api_usage,0,completed
context-09,B,14,34000,39979,api_usage,0,completed
context-09,B,15,24271,28512,api_usage,0,completed
context-09,B,16,24984,29567,api_usage,0,completed
context-09,B,17,24106,28510,api_usage,0,completed
context-09,B,18,38150,44144,api_usage,0,completed
context-09,B,19,11959,13851,api_usage,0,ContextBudgetExceeded
context-09,B,20,12142,14131,api_usage,0,completed
context-10,A,1,14495,16293,api_usage,0,max_steps
context-10,A,2,13984,16683,api_usage,0,completed
context-10,A,3,10796,13123,api_usage,0,completed
context-10,A,4,12236,15019,api_usage,0,completed
context-10,A,5,29974,37041,api_usage,0,completed
context-10,A,6,9104,11220,api_usage,0,completed
context-10,A,7,42870,53292,api_usage,0,completed
context-10,A,8,37489,46636,api_usage,0,completed
context-10,A,9,27832,34843,api_usage,0,completed
context-10,A,10,14677,18456,api_usage,0,completed
context-10,A,11,78051,97837,api_usage,0,max_steps
context-10,A,12,88218,110643,api_usage,0,max_steps
context-10,A,13,58476,73056,api_usage,0,completed
context-10,A,14,87216,108853,api_usage,0,completed
context-10,A,15,48528,60122,api_usage,0,completed
context-10,A,16,53187,66328,api_usage,0,completed
context-10,A,17,27918,34878,api_usage,0,completed
context-10,A,18,87188,108949,api_usage,0,completed
context-10,A,19,62071,77771,api_usage,0,completed
context-10,A,20,32712,41146,api_usage,0,completed
context-10,B,1,15227,17230,api_usage,0,max_steps
context-10,B,2,9302,10867,api_usage,0,completed
context-10,B,3,11112,13199,api_usage,0,completed
context-10,B,4,13330,15994,api_usage,0,completed
context-10,B,5,24147,29065,api_usage,0,completed
context-10,B,6,9093,10908,api_usage,0,completed
context-10,B,7,20343,24757,api_usage,0,completed
context-10,B,8,33283,40499,api_usage,0,completed
context-10,B,9,15705,18491,api_usage,0,completed
context-10,B,10,8631,10317,api_usage,0,completed
context-10,B,11,49967,59701,api_usage,0,max_steps
context-10,B,12,57921,69553,api_usage,0,max_steps
context-10,B,13,24393,29121,api_usage,0,completed
context-10,B,14,46734,54972,api_usage,0,completed
context-10,B,15,23421,27425,api_usage,0,completed
context-10,B,16,12104,14443,api_usage,0,completed
context-10,B,17,11259,13141,api_usage,0,completed
context-10,B,18,11927,13996,api_usage,0,completed
context-10,B,19,12384,14673,api_usage,0,completed
context-10,B,20,0,0,no_request_context_guard,0,ContextBudgetExceeded
context-11,A,1,14342,15894,api_usage,0,max_steps
context-11,A,2,14488,16769,api_usage,0,completed
context-11,A,3,5447,6424,api_usage,0,completed
context-11,A,4,12051,14455,api_usage,0,completed
context-11,A,5,21365,25950,api_usage,0,completed
context-11,A,6,7946,9597,api_usage,0,completed
context-11,A,7,17749,21735,api_usage,0,completed
context-11,A,8,19021,23279,api_usage,0,completed
context-11,A,9,21297,26236,api_usage,0,completed
context-11,A,10,11365,14116,api_usage,0,completed
context-11,A,11,49371,60951,api_usage,0,completed
context-11,A,12,73582,90982,api_usage,0,max_steps
context-11,A,13,49206,60785,api_usage,0,completed
context-11,A,14,35529,44024,api_usage,0,completed
context-11,A,15,38196,47361,api_usage,0,completed
context-11,A,16,20406,25439,api_usage,0,completed
context-11,A,17,20995,26161,api_usage,0,completed
context-11,A,18,43544,54250,api_usage,0,completed
context-11,A,19,46193,57800,api_usage,0,completed
context-11,A,20,24353,30592,api_usage,0,completed
context-11,B,1,15165,17101,api_usage,0,max_steps
context-11,B,2,14257,16703,api_usage,0,completed
context-11,B,3,5367,6406,api_usage,0,completed
context-11,B,4,12063,14489,api_usage,0,completed
context-11,B,5,40394,49019,api_usage,0,completed
context-11,B,6,10194,12254,api_usage,0,completed
context-11,B,7,22543,27335,api_usage,0,completed
context-11,B,8,30454,36582,api_usage,0,completed
context-11,B,9,15227,17860,api_usage,0,completed
context-11,B,10,8409,10045,api_usage,0,completed
context-11,B,11,27652,32985,api_usage,0,completed
context-11,B,12,57565,69206,api_usage,0,max_steps
context-11,B,13,36549,42663,api_usage,0,completed
context-11,B,14,34942,40718,api_usage,0,completed
context-11,B,15,36711,42542,api_usage,0,completed
context-11,B,16,36845,42777,api_usage,0,completed
context-11,B,17,11833,13595,api_usage,0,completed
context-11,B,18,12611,14612,api_usage,0,ContextBudgetExceeded
context-11,B,19,12663,14609,api_usage,0,ContextBudgetExceeded
context-11,B,20,12846,14889,api_usage,0,completed
