case_id,mode,expected_tool,expected_outcome,selected_tool,call_count,schema_valid,selection_correct,outcome,execution_success,fixture_outcome_match,error
Read-01,offline_fixture,Read,SUCCESS,Read,1,1,1,SUCCESS,1,1,
Read-02,offline_fixture,Read,PARTIAL,Read,1,1,1,PARTIAL,0,1,
Read-03,offline_fixture,Read,SUCCESS,Read,1,1,1,SUCCESS,1,1,
Read-04,offline_fixture,Read,NOT_FOUND,Read,1,1,1,NOT_FOUND,0,1,
Read-05,offline_fixture,Read,PARTIAL,Read,1,1,1,PARTIAL,0,1,
Read-06,offline_fixture,Read,INVALID_PARAM,Read,1,0,1,INVALID_PARAM,0,1,
Read-07,offline_fixture,Read,PERMISSION,Read,1,1,1,PERMISSION,0,1,
Read-08,offline_fixture,Read,SUCCESS,Read,1,1,1,SUCCESS,1,1,
Read-09,offline_fixture,Read,INVALID_PARAM,Read,1,0,1,INVALID_PARAM,0,1,
Read-10,offline_fixture,Read,INVALID_ENCODING,Read,1,1,1,INVALID_ENCODING,0,1,
Write-01,offline_fixture,Write,SUCCESS,Write,1,1,1,SUCCESS,1,1,
Write-02,offline_fixture,Write,SUCCESS,Write,1,1,1,SUCCESS,1,1,
Write-03,offline_fixture,Write,ALREADY_EXISTS,Write,1,1,1,ALREADY_EXISTS,0,1,
Write-04,offline_fixture,Write,SUCCESS,Write,1,1,1,SUCCESS,1,1,
Write-05,offline_fixture,Write,SUCCESS,Write,1,1,1,SUCCESS,1,1,
Write-06,offline_fixture,Write,PERMISSION,Write,1,1,1,PERMISSION,0,1,
Write-07,offline_fixture,Write,PERMISSION,Write,1,1,1,PERMISSION,0,1,
Write-08,offline_fixture,Write,SUCCESS,Write,1,1,1,SUCCESS,1,1,
Write-09,offline_fixture,Write,SUCCESS,Write,1,1,1,SUCCESS,1,1,
Write-10,offline_fixture,Write,INVALID_PARAM,Write,1,0,1,INVALID_PARAM,0,1,
Edit-01,offline_fixture,Edit,SUCCESS,Edit,1,1,1,SUCCESS,1,1,
Edit-02,offline_fixture,Edit,NOT_FOUND,Edit,1,1,1,NOT_FOUND,0,1,
Edit-03,offline_fixture,Edit,CONFLICT,Edit,1,1,1,CONFLICT,0,1,
Edit-04,offline_fixture,Edit,CONFLICT,Edit,1,1,1,CONFLICT,0,1,
Edit-05,offline_fixture,Edit,SUCCESS,Edit,1,1,1,SUCCESS,1,1,
Edit-06,offline_fixture,Edit,SUCCESS,Edit,1,1,1,SUCCESS,1,1,
Edit-07,offline_fixture,Edit,NOT_FOUND,Edit,1,1,1,NOT_FOUND,0,1,
Edit-08,offline_fixture,Edit,PERMISSION,Edit,1,1,1,PERMISSION,0,1,
Edit-09,offline_fixture,Edit,INVALID_PARAM,Edit,1,0,1,INVALID_PARAM,0,1,
Edit-10,offline_fixture,Edit,CONFLICT,Edit,1,1,1,CONFLICT,0,1,
Grep-01,offline_fixture,Grep,SUCCESS,Grep,1,1,1,SUCCESS,1,1,
Grep-02,offline_fixture,Grep,PARTIAL,Grep,1,1,1,PARTIAL,0,1,
Grep-03,offline_fixture,Grep,SUCCESS,Grep,1,1,1,SUCCESS,1,1,
Grep-04,offline_fixture,Grep,SUCCESS,Grep,1,1,1,SUCCESS,1,1,
Grep-05,offline_fixture,Grep,INVALID_PARAM,Grep,1,1,1,INVALID_PARAM,0,1,
Grep-06,offline_fixture,Grep,NOT_FOUND,Grep,1,1,1,NOT_FOUND,0,1,
Grep-07,offline_fixture,Grep,PERMISSION,Grep,1,1,1,PERMISSION,0,1,
Grep-08,offline_fixture,Grep,SUCCESS,Grep,1,1,1,SUCCESS,1,1,
Grep-09,offline_fixture,Grep,INVALID_PARAM,Grep,1,0,1,INVALID_PARAM,0,1,
Grep-10,offline_fixture,Grep,SUCCESS,Grep,1,1,1,SUCCESS,1,1,
Bash-01,offline_fixture,Bash,SUCCESS,Bash,1,1,1,SUCCESS,1,1,
Bash-02,offline_fixture,Bash,SUCCESS,Bash,1,1,1,SUCCESS,1,1,
Bash-03,offline_fixture,Bash,SUCCESS,Bash,1,1,1,SUCCESS,1,1,
Bash-04,offline_fixture,Bash,EXECUTION_ERROR,Bash,1,1,1,EXECUTION_ERROR,0,1,
Bash-05,offline_fixture,Bash,TIMEOUT,Bash,1,1,1,TIMEOUT,0,1,
Bash-06,offline_fixture,Bash,PERMISSION,Bash,1,1,1,PERMISSION,0,1,
Bash-07,offline_fixture,Bash,PERMISSION,Bash,1,1,1,PERMISSION,0,1,
Bash-08,offline_fixture,Bash,PERMISSION,Bash,1,1,1,PERMISSION,0,1,
Bash-09,offline_fixture,Bash,INVALID_PARAM,Bash,1,0,1,INVALID_PARAM,0,1,
Bash-10,offline_fixture,Bash,SUCCESS,Bash,1,1,1,SUCCESS,1,1,
TodoWrite-01,offline_fixture,TodoWrite,SUCCESS,TodoWrite,1,1,1,SUCCESS,1,1,
TodoWrite-02,offline_fixture,TodoWrite,SUCCESS,TodoWrite,1,1,1,SUCCESS,1,1,
TodoWrite-03,offline_fixture,TodoWrite,SUCCESS,TodoWrite,1,1,1,SUCCESS,1,1,
TodoWrite-04,offline_fixture,TodoWrite,INVALID_PARAM,TodoWrite,1,0,1,INVALID_PARAM,0,1,
TodoWrite-05,offline_fixture,TodoWrite,INVALID_PARAM,TodoWrite,1,0,1,INVALID_PARAM,0,1,
TodoWrite-06,offline_fixture,TodoWrite,INVALID_PARAM,TodoWrite,1,0,1,INVALID_PARAM,0,1,
TodoWrite-07,offline_fixture,TodoWrite,INVALID_PARAM,TodoWrite,1,0,1,INVALID_PARAM,0,1,
TodoWrite-08,offline_fixture,TodoWrite,SUCCESS,TodoWrite,1,1,1,SUCCESS,1,1,
TodoWrite-09,offline_fixture,TodoWrite,SUCCESS,TodoWrite,1,1,1,SUCCESS,1,1,
TodoWrite-10,offline_fixture,TodoWrite,SUCCESS,TodoWrite,1,1,1,SUCCESS,1,1,
Read-11,offline_fixture,Read,SUCCESS,Read,1,1,1,SUCCESS,1,1,
Read-12,offline_fixture,Read,PARTIAL,Read,1,1,1,PARTIAL,0,1,
Read-13,offline_fixture,Read,SUCCESS,Read,1,1,1,SUCCESS,1,1,
Read-14,offline_fixture,Read,NOT_FOUND,Read,1,1,1,NOT_FOUND,0,1,
Read-15,offline_fixture,Read,PARTIAL,Read,1,1,1,PARTIAL,0,1,
Read-16,offline_fixture,Read,INVALID_PARAM,Read,1,0,1,INVALID_PARAM,0,1,
Read-17,offline_fixture,Read,PERMISSION,Read,1,1,1,PERMISSION,0,1,
Read-18,offline_fixture,Read,SUCCESS,Read,1,1,1,SUCCESS,1,1,
Read-19,offline_fixture,Read,INVALID_PARAM,Read,1,0,1,INVALID_PARAM,0,1,
Read-20,offline_fixture,Read,INVALID_ENCODING,Read,1,1,1,INVALID_ENCODING,0,1,
Write-11,offline_fixture,Write,SUCCESS,Write,1,1,1,SUCCESS,1,1,
Write-12,offline_fixture,Write,SUCCESS,Write,1,1,1,SUCCESS,1,1,
Write-13,offline_fixture,Write,ALREADY_EXISTS,Write,1,1,1,ALREADY_EXISTS,0,1,
Write-14,offline_fixture,Write,SUCCESS,Write,1,1,1,SUCCESS,1,1,
Write-15,offline_fixture,Write,SUCCESS,Write,1,1,1,SUCCESS,1,1,
Write-16,offline_fixture,Write,PERMISSION,Write,1,1,1,PERMISSION,0,1,
Write-17,offline_fixture,Write,PERMISSION,Write,1,1,1,PERMISSION,0,1,
Write-18,offline_fixture,Write,SUCCESS,Write,1,1,1,SUCCESS,1,1,
Write-19,offline_fixture,Write,SUCCESS,Write,1,1,1,SUCCESS,1,1,
Write-20,offline_fixture,Write,INVALID_PARAM,Write,1,0,1,INVALID_PARAM,0,1,
Edit-11,offline_fixture,Edit,SUCCESS,Edit,1,1,1,SUCCESS,1,1,
Edit-12,offline_fixture,Edit,NOT_FOUND,Edit,1,1,1,NOT_FOUND,0,1,
Edit-13,offline_fixture,Edit,CONFLICT,Edit,1,1,1,CONFLICT,0,1,
Edit-14,offline_fixture,Edit,CONFLICT,Edit,1,1,1,CONFLICT,0,1,
Edit-15,offline_fixture,Edit,SUCCESS,Edit,1,1,1,SUCCESS,1,1,
Edit-16,offline_fixture,Edit,SUCCESS,Edit,1,1,1,SUCCESS,1,1,
Edit-17,offline_fixture,Edit,NOT_FOUND,Edit,1,1,1,NOT_FOUND,0,1,
Edit-18,offline_fixture,Edit,PERMISSION,Edit,1,1,1,PERMISSION,0,1,
Edit-19,offline_fixture,Edit,INVALID_PARAM,Edit,1,0,1,INVALID_PARAM,0,1,
Edit-20,offline_fixture,Edit,CONFLICT,Edit,1,1,1,CONFLICT,0,1,
Grep-11,offline_fixture,Grep,SUCCESS,Grep,1,1,1,SUCCESS,1,1,
Grep-12,offline_fixture,Grep,PARTIAL,Grep,1,1,1,PARTIAL,0,1,
Grep-13,offline_fixture,Grep,SUCCESS,Grep,1,1,1,SUCCESS,1,1,
Grep-14,offline_fixture,Grep,SUCCESS,Grep,1,1,1,SUCCESS,1,1,
Grep-15,offline_fixture,Grep,INVALID_PARAM,Grep,1,1,1,INVALID_PARAM,0,1,
Grep-16,offline_fixture,Grep,NOT_FOUND,Grep,1,1,1,NOT_FOUND,0,1,
Grep-17,offline_fixture,Grep,PERMISSION,Grep,1,1,1,PERMISSION,0,1,
Grep-18,offline_fixture,Grep,SUCCESS,Grep,1,1,1,SUCCESS,1,1,
Grep-19,offline_fixture,Grep,INVALID_PARAM,Grep,1,0,1,INVALID_PARAM,0,1,
Grep-20,offline_fixture,Grep,SUCCESS,Grep,1,1,1,SUCCESS,1,1,
Bash-11,offline_fixture,Bash,SUCCESS,Bash,1,1,1,SUCCESS,1,1,
Bash-12,offline_fixture,Bash,SUCCESS,Bash,1,1,1,SUCCESS,1,1,
Bash-13,offline_fixture,Bash,SUCCESS,Bash,1,1,1,SUCCESS,1,1,
Bash-14,offline_fixture,Bash,EXECUTION_ERROR,Bash,1,1,1,EXECUTION_ERROR,0,1,
Bash-15,offline_fixture,Bash,TIMEOUT,Bash,1,1,1,TIMEOUT,0,1,
Bash-16,offline_fixture,Bash,PERMISSION,Bash,1,1,1,PERMISSION,0,1,
Bash-17,offline_fixture,Bash,PERMISSION,Bash,1,1,1,PERMISSION,0,1,
Bash-18,offline_fixture,Bash,PERMISSION,Bash,1,1,1,PERMISSION,0,1,
Bash-19,offline_fixture,Bash,INVALID_PARAM,Bash,1,0,1,INVALID_PARAM,0,1,
Bash-20,offline_fixture,Bash,SUCCESS,Bash,1,1,1,SUCCESS,1,1,
TodoWrite-11,offline_fixture,TodoWrite,SUCCESS,TodoWrite,1,1,1,SUCCESS,1,1,
TodoWrite-12,offline_fixture,TodoWrite,SUCCESS,TodoWrite,1,1,1,SUCCESS,1,1,
TodoWrite-13,offline_fixture,TodoWrite,SUCCESS,TodoWrite,1,1,1,SUCCESS,1,1,
TodoWrite-14,offline_fixture,TodoWrite,INVALID_PARAM,TodoWrite,1,0,1,INVALID_PARAM,0,1,
TodoWrite-15,offline_fixture,TodoWrite,INVALID_PARAM,TodoWrite,1,0,1,INVALID_PARAM,0,1,
TodoWrite-16,offline_fixture,TodoWrite,INVALID_PARAM,TodoWrite,1,0,1,INVALID_PARAM,0,1,
TodoWrite-17,offline_fixture,TodoWrite,INVALID_PARAM,TodoWrite,1,0,1,INVALID_PARAM,0,1,
TodoWrite-18,offline_fixture,TodoWrite,SUCCESS,TodoWrite,1,1,1,SUCCESS,1,1,
TodoWrite-19,offline_fixture,TodoWrite,SUCCESS,TodoWrite,1,1,1,SUCCESS,1,1,
TodoWrite-20,offline_fixture,TodoWrite,SUCCESS,TodoWrite,1,1,1,SUCCESS,1,1,
Read-21,offline_fixture,Read,SUCCESS,Read,1,1,1,SUCCESS,1,1,
Read-22,offline_fixture,Read,PARTIAL,Read,1,1,1,PARTIAL,0,1,
Read-23,offline_fixture,Read,SUCCESS,Read,1,1,1,SUCCESS,1,1,
Read-24,offline_fixture,Read,NOT_FOUND,Read,1,1,1,NOT_FOUND,0,1,
Read-25,offline_fixture,Read,PARTIAL,Read,1,1,1,PARTIAL,0,1,
Read-26,offline_fixture,Read,INVALID_PARAM,Read,1,0,1,INVALID_PARAM,0,1,
Read-27,offline_fixture,Read,PERMISSION,Read,1,1,1,PERMISSION,0,1,
Read-28,offline_fixture,Read,SUCCESS,Read,1,1,1,SUCCESS,1,1,
Read-29,offline_fixture,Read,INVALID_PARAM,Read,1,0,1,INVALID_PARAM,0,1,
Read-30,offline_fixture,Read,INVALID_ENCODING,Read,1,1,1,INVALID_ENCODING,0,1,
Write-21,offline_fixture,Write,SUCCESS,Write,1,1,1,SUCCESS,1,1,
Write-22,offline_fixture,Write,SUCCESS,Write,1,1,1,SUCCESS,1,1,
Write-23,offline_fixture,Write,ALREADY_EXISTS,Write,1,1,1,ALREADY_EXISTS,0,1,
Write-24,offline_fixture,Write,SUCCESS,Write,1,1,1,SUCCESS,1,1,
Write-25,offline_fixture,Write,SUCCESS,Write,1,1,1,SUCCESS,1,1,
Write-26,offline_fixture,Write,PERMISSION,Write,1,1,1,PERMISSION,0,1,
Write-27,offline_fixture,Write,PERMISSION,Write,1,1,1,PERMISSION,0,1,
Write-28,offline_fixture,Write,SUCCESS,Write,1,1,1,SUCCESS,1,1,
Write-29,offline_fixture,Write,SUCCESS,Write,1,1,1,SUCCESS,1,1,
Write-30,offline_fixture,Write,INVALID_PARAM,Write,1,0,1,INVALID_PARAM,0,1,
Edit-21,offline_fixture,Edit,SUCCESS,Edit,1,1,1,SUCCESS,1,1,
Edit-22,offline_fixture,Edit,NOT_FOUND,Edit,1,1,1,NOT_FOUND,0,1,
Edit-23,offline_fixture,Edit,CONFLICT,Edit,1,1,1,CONFLICT,0,1,
Edit-24,offline_fixture,Edit,CONFLICT,Edit,1,1,1,CONFLICT,0,1,
Edit-25,offline_fixture,Edit,SUCCESS,Edit,1,1,1,SUCCESS,1,1,
Edit-26,offline_fixture,Edit,SUCCESS,Edit,1,1,1,SUCCESS,1,1,
Edit-27,offline_fixture,Edit,NOT_FOUND,Edit,1,1,1,NOT_FOUND,0,1,
Edit-28,offline_fixture,Edit,PERMISSION,Edit,1,1,1,PERMISSION,0,1,
Edit-29,offline_fixture,Edit,INVALID_PARAM,Edit,1,0,1,INVALID_PARAM,0,1,
Edit-30,offline_fixture,Edit,CONFLICT,Edit,1,1,1,CONFLICT,0,1,
Grep-21,offline_fixture,Grep,SUCCESS,Grep,1,1,1,SUCCESS,1,1,
Grep-22,offline_fixture,Grep,PARTIAL,Grep,1,1,1,PARTIAL,0,1,
Grep-23,offline_fixture,Grep,SUCCESS,Grep,1,1,1,SUCCESS,1,1,
Grep-24,offline_fixture,Grep,SUCCESS,Grep,1,1,1,SUCCESS,1,1,
Grep-25,offline_fixture,Grep,INVALID_PARAM,Grep,1,1,1,INVALID_PARAM,0,1,
Grep-26,offline_fixture,Grep,NOT_FOUND,Grep,1,1,1,NOT_FOUND,0,1,
Grep-27,offline_fixture,Grep,PERMISSION,Grep,1,1,1,PERMISSION,0,1,
Grep-28,offline_fixture,Grep,SUCCESS,Grep,1,1,1,SUCCESS,1,1,
Grep-29,offline_fixture,Grep,INVALID_PARAM,Grep,1,0,1,INVALID_PARAM,0,1,
Grep-30,offline_fixture,Grep,SUCCESS,Grep,1,1,1,SUCCESS,1,1,
Bash-21,offline_fixture,Bash,SUCCESS,Bash,1,1,1,SUCCESS,1,1,
Bash-22,offline_fixture,Bash,SUCCESS,Bash,1,1,1,SUCCESS,1,1,
Bash-23,offline_fixture,Bash,SUCCESS,Bash,1,1,1,SUCCESS,1,1,
Bash-24,offline_fixture,Bash,EXECUTION_ERROR,Bash,1,1,1,EXECUTION_ERROR,0,1,
Bash-25,offline_fixture,Bash,TIMEOUT,Bash,1,1,1,TIMEOUT,0,1,
Bash-26,offline_fixture,Bash,PERMISSION,Bash,1,1,1,PERMISSION,0,1,
Bash-27,offline_fixture,Bash,PERMISSION,Bash,1,1,1,PERMISSION,0,1,
Bash-28,offline_fixture,Bash,PERMISSION,Bash,1,1,1,PERMISSION,0,1,
Bash-29,offline_fixture,Bash,INVALID_PARAM,Bash,1,0,1,INVALID_PARAM,0,1,
Bash-30,offline_fixture,Bash,SUCCESS,Bash,1,1,1,SUCCESS,1,1,
TodoWrite-21,offline_fixture,TodoWrite,SUCCESS,TodoWrite,1,1,1,SUCCESS,1,1,
TodoWrite-22,offline_fixture,TodoWrite,SUCCESS,TodoWrite,1,1,1,SUCCESS,1,1,
TodoWrite-23,offline_fixture,TodoWrite,SUCCESS,TodoWrite,1,1,1,SUCCESS,1,1,
TodoWrite-24,offline_fixture,TodoWrite,INVALID_PARAM,TodoWrite,1,0,1,INVALID_PARAM,0,1,
TodoWrite-25,offline_fixture,TodoWrite,INVALID_PARAM,TodoWrite,1,0,1,INVALID_PARAM,0,1,
TodoWrite-26,offline_fixture,TodoWrite,INVALID_PARAM,TodoWrite,1,0,1,INVALID_PARAM,0,1,
TodoWrite-27,offline_fixture,TodoWrite,INVALID_PARAM,TodoWrite,1,0,1,INVALID_PARAM,0,1,
TodoWrite-28,offline_fixture,TodoWrite,SUCCESS,TodoWrite,1,1,1,SUCCESS,1,1,
TodoWrite-29,offline_fixture,TodoWrite,SUCCESS,TodoWrite,1,1,1,SUCCESS,1,1,
TodoWrite-30,offline_fixture,TodoWrite,SUCCESS,TodoWrite,1,1,1,SUCCESS,1,1,
Read-31,offline_fixture,Read,SUCCESS,Read,1,1,1,SUCCESS,1,1,
Read-32,offline_fixture,Read,PARTIAL,Read,1,1,1,PARTIAL,0,1,
Read-33,offline_fixture,Read,SUCCESS,Read,1,1,1,SUCCESS,1,1,
Read-34,offline_fixture,Read,NOT_FOUND,Read,1,1,1,NOT_FOUND,0,1,
Read-35,offline_fixture,Read,PARTIAL,Read,1,1,1,PARTIAL,0,1,
Read-36,offline_fixture,Read,INVALID_PARAM,Read,1,0,1,INVALID_PARAM,0,1,
Read-37,offline_fixture,Read,PERMISSION,Read,1,1,1,PERMISSION,0,1,
Read-38,offline_fixture,Read,SUCCESS,Read,1,1,1,SUCCESS,1,1,
Read-39,offline_fixture,Read,INVALID_PARAM,Read,1,0,1,INVALID_PARAM,0,1,
Read-40,offline_fixture,Read,INVALID_ENCODING,Read,1,1,1,INVALID_ENCODING,0,1,
Write-31,offline_fixture,Write,SUCCESS,Write,1,1,1,SUCCESS,1,1,
Write-32,offline_fixture,Write,SUCCESS,Write,1,1,1,SUCCESS,1,1,
Write-33,offline_fixture,Write,ALREADY_EXISTS,Write,1,1,1,ALREADY_EXISTS,0,1,
Write-34,offline_fixture,Write,SUCCESS,Write,1,1,1,SUCCESS,1,1,
Write-35,offline_fixture,Write,SUCCESS,Write,1,1,1,SUCCESS,1,1,
Write-36,offline_fixture,Write,PERMISSION,Write,1,1,1,PERMISSION,0,1,
Write-37,offline_fixture,Write,PERMISSION,Write,1,1,1,PERMISSION,0,1,
Write-38,offline_fixture,Write,SUCCESS,Write,1,1,1,SUCCESS,1,1,
Write-39,offline_fixture,Write,SUCCESS,Write,1,1,1,SUCCESS,1,1,
Write-40,offline_fixture,Write,INVALID_PARAM,Write,1,0,1,INVALID_PARAM,0,1,
Edit-31,offline_fixture,Edit,SUCCESS,Edit,1,1,1,SUCCESS,1,1,
Edit-32,offline_fixture,Edit,NOT_FOUND,Edit,1,1,1,NOT_FOUND,0,1,
Edit-33,offline_fixture,Edit,CONFLICT,Edit,1,1,1,CONFLICT,0,1,
Edit-34,offline_fixture,Edit,CONFLICT,Edit,1,1,1,CONFLICT,0,1,
Edit-35,offline_fixture,Edit,SUCCESS,Edit,1,1,1,SUCCESS,1,1,
Edit-36,offline_fixture,Edit,SUCCESS,Edit,1,1,1,SUCCESS,1,1,
Edit-37,offline_fixture,Edit,NOT_FOUND,Edit,1,1,1,NOT_FOUND,0,1,
Edit-38,offline_fixture,Edit,PERMISSION,Edit,1,1,1,PERMISSION,0,1,
Edit-39,offline_fixture,Edit,INVALID_PARAM,Edit,1,0,1,INVALID_PARAM,0,1,
Edit-40,offline_fixture,Edit,CONFLICT,Edit,1,1,1,CONFLICT,0,1,
Grep-31,offline_fixture,Grep,SUCCESS,Grep,1,1,1,SUCCESS,1,1,
Grep-32,offline_fixture,Grep,PARTIAL,Grep,1,1,1,PARTIAL,0,1,
Grep-33,offline_fixture,Grep,SUCCESS,Grep,1,1,1,SUCCESS,1,1,
Grep-34,offline_fixture,Grep,SUCCESS,Grep,1,1,1,SUCCESS,1,1,
Grep-35,offline_fixture,Grep,INVALID_PARAM,Grep,1,1,1,INVALID_PARAM,0,1,
Grep-36,offline_fixture,Grep,NOT_FOUND,Grep,1,1,1,NOT_FOUND,0,1,
Grep-37,offline_fixture,Grep,PERMISSION,Grep,1,1,1,PERMISSION,0,1,
Grep-38,offline_fixture,Grep,SUCCESS,Grep,1,1,1,SUCCESS,1,1,
Grep-39,offline_fixture,Grep,INVALID_PARAM,Grep,1,0,1,INVALID_PARAM,0,1,
Grep-40,offline_fixture,Grep,SUCCESS,Grep,1,1,1,SUCCESS,1,1,
Bash-31,offline_fixture,Bash,SUCCESS,Bash,1,1,1,SUCCESS,1,1,
Bash-32,offline_fixture,Bash,SUCCESS,Bash,1,1,1,SUCCESS,1,1,
Bash-33,offline_fixture,Bash,SUCCESS,Bash,1,1,1,SUCCESS,1,1,
Bash-34,offline_fixture,Bash,EXECUTION_ERROR,Bash,1,1,1,EXECUTION_ERROR,0,1,
Bash-35,offline_fixture,Bash,TIMEOUT,Bash,1,1,1,TIMEOUT,0,1,
Bash-36,offline_fixture,Bash,PERMISSION,Bash,1,1,1,PERMISSION,0,1,
Bash-37,offline_fixture,Bash,PERMISSION,Bash,1,1,1,PERMISSION,0,1,
Bash-38,offline_fixture,Bash,PERMISSION,Bash,1,1,1,PERMISSION,0,1,
Bash-39,offline_fixture,Bash,INVALID_PARAM,Bash,1,0,1,INVALID_PARAM,0,1,
Bash-40,offline_fixture,Bash,SUCCESS,Bash,1,1,1,SUCCESS,1,1,
TodoWrite-31,offline_fixture,TodoWrite,SUCCESS,TodoWrite,1,1,1,SUCCESS,1,1,
TodoWrite-32,offline_fixture,TodoWrite,SUCCESS,TodoWrite,1,1,1,SUCCESS,1,1,
TodoWrite-33,offline_fixture,TodoWrite,SUCCESS,TodoWrite,1,1,1,SUCCESS,1,1,
TodoWrite-34,offline_fixture,TodoWrite,INVALID_PARAM,TodoWrite,1,0,1,INVALID_PARAM,0,1,
TodoWrite-35,offline_fixture,TodoWrite,INVALID_PARAM,TodoWrite,1,0,1,INVALID_PARAM,0,1,
TodoWrite-36,offline_fixture,TodoWrite,INVALID_PARAM,TodoWrite,1,0,1,INVALID_PARAM,0,1,
TodoWrite-37,offline_fixture,TodoWrite,INVALID_PARAM,TodoWrite,1,0,1,INVALID_PARAM,0,1,
TodoWrite-38,offline_fixture,TodoWrite,SUCCESS,TodoWrite,1,1,1,SUCCESS,1,1,
TodoWrite-39,offline_fixture,TodoWrite,SUCCESS,TodoWrite,1,1,1,SUCCESS,1,1,
TodoWrite-40,offline_fixture,TodoWrite,SUCCESS,TodoWrite,1,1,1,SUCCESS,1,1,
