case_id,kind,process_exit_code,successful_resume,uncertain_side_effect,auto_replayed,error
model_exception-00,model_exception,71,1,0,0,
model_exception-01,model_exception,71,1,0,0,
model_exception-02,model_exception,71,1,0,0,
model_exception-03,model_exception,71,1,0,0,
model_exception-04,model_exception,71,1,0,0,
model_exception-05,model_exception,71,1,0,0,
model_exception-06,model_exception,71,1,0,0,
model_exception-07,model_exception,71,1,0,0,
model_exception-08,model_exception,71,1,0,0,
model_exception-09,model_exception,71,1,0,0,
tool_process_exit-00,tool_process_exit,72,1,1,0,
tool_process_exit-01,tool_process_exit,72,1,1,0,
tool_process_exit-02,tool_process_exit,72,1,1,0,
tool_process_exit-03,tool_process_exit,72,1,1,0,
tool_process_exit-04,tool_process_exit,72,1,1,0,
tool_process_exit-05,tool_process_exit,72,1,1,0,
tool_process_exit-06,tool_process_exit,72,1,1,0,
tool_process_exit-07,tool_process_exit,72,1,1,0,
tool_process_exit-08,tool_process_exit,72,1,1,0,
tool_process_exit-09,tool_process_exit,72,1,1,0,
append_process_exit-00,append_process_exit,73,1,0,0,
append_process_exit-01,append_process_exit,73,1,0,0,
append_process_exit-02,append_process_exit,73,1,0,0,
append_process_exit-03,append_process_exit,73,1,0,0,
append_process_exit-04,append_process_exit,73,1,0,0,
append_process_exit-05,append_process_exit,73,1,0,0,
append_process_exit-06,append_process_exit,73,1,0,0,
append_process_exit-07,append_process_exit,73,1,0,0,
append_process_exit-08,append_process_exit,73,1,0,0,
append_process_exit-09,append_process_exit,73,1,0,0,
